{
  "linear": {
    "MR2022.6": {
      "BCL2": 10.453149226681326,
      "BCLxL": 1.900535735955586,
      "MCL1": 20.902390458455912,
      "BIM": -18.432497493898307
    },
    "MR2022.11": {
      "BCL2": 19.801232285376372,
      "BCLxL": 21.824104826270002,
      "BIM": -49.109584871918244,
      "MCL1": 59.281249853173165
    },
    "MR-92A": {
      "BCL2": 0.2954694914134883,
      "BCLxL": 2.0529492492015002,
      "BIM": -8.822036530240203,
      "MCL1": 16.933788864915048
    },
    "MR-70": {
      "BCL2": 21.58721868188335,
      "BCLxL": 3.0148000090120988,
      "BIM": -39.98788040474209,
      "MCL1": 24.667599331073994
    },
    "MR-95": {
      "BCL2": 15.681290275033511,
      "BCLxL": 0.0005981258557774538,
      "BIM": -19.494761539039693,
      "MCL1": 30.069149417770056
    },
    "3 way": {
      "BCL2": 5.141908263493269,
      "BCLxL": 0.0015653069158751975,
      "MCL1": 12.339926097221369,
      "BIM": -6.284869651809091
    }
  },
  "ratio": {
    "MR-70": {
      "BCL2": 3.2069158173377517,
      "BCLxL": 2.3107837958924975,
      "MCL1": 3.871563727701254
    },
    "MR-92A": {
      "BCL2": 9.794618088321272e-05,
      "BCLxL": 3.674505719441889,
      "MCL1": 4.987296747548875
    },
    "MR2022.11": {
      "BCL2": 13.356098557990816,
      "BCLxL": 34.49032703403389,
      "MCL1": 55.67321266850625
    },
    "MR2022.6": {
      "BCL2": 0.08062167214161775,
      "BCLxL": 0.009894882605593125,
      "MCL1": 12.331149015389474
    }
  },
  "inhibition factors": {
    "MR-95": {
      "0uM": 1,
      "0.1uM BCL2i": 0.3092379227524918,
      "1uM BCL2i":   0.20541070873667838,
      "0.1uM MCL1i": 0.4895595633708865,
      "1uM MCL1i":   0.41135603147202054
    }
  }
}